{"cameraMode":{"drawMode":0,"name":"Shaded","section":"Shading Mode"},"sceneLighting":true,"audioPlay":false,"sceneViewState":{"m_AlwaysRefresh":false,"showFog":true,"showSkybox":true,"showFlares":true,"showImageEffects":true,"showParticleSystems":true,"showVisualEffectGraphs":true,"m_FxEnabled":true},"in2DMode":false,"pivot":{"x":-12.55514144897461,"y":1.445334792137146,"z":1.7843177318572999},"rotation":{"x":0.058778587728738788,"y":-0.0015031519578769804,"z":0.00008949093171395361,"w":0.9983018040657044},"size":0.2598274052143097,"orthographic":false}