{"cameraMode":{"drawMode":0,"name":"Shaded","section":"Shading Mode"},"sceneLighting":false,"audioPlay":false,"sceneViewState":{"m_AlwaysRefresh":false,"showFog":false,"showSkybox":false,"showFlares":false,"showImageEffects":false,"showParticleSystems":false,"showVisualEffectGraphs":true,"m_FxEnabled":true},"in2DMode":false,"pivot":{"x":1.024361252784729,"y":0.1060265302658081,"z":-2.6054961681365969},"rotation":{"x":0.04987824335694313,"y":0.9379880428314209,"z":-0.15215280652046204,"w":0.30751290917396548},"size":2.4382989406585695,"orthographic":false}