{"cameraMode":{"drawMode":0,"name":"Shaded","section":"Shading Mode"},"sceneLighting":false,"audioPlay":false,"sceneViewState":{"m_AlwaysRefresh":false,"showFog":false,"showSkybox":false,"showFlares":false,"showImageEffects":false,"showParticleSystems":false,"showVisualEffectGraphs":true,"m_FxEnabled":true},"in2DMode":false,"pivot":{"x":-0.5149600505828857,"y":0.10132944583892822,"z":-0.07935905456542969},"rotation":{"x":0.022207075729966165,"y":0.9737532138824463,"z":-0.19871807098388673,"w":0.10882987827062607},"size":0.7705977559089661,"orthographic":false}